Forecast,Best Model,RMSE,MAE,R2,Baseline RMSE,Improvement %,Confidence
24h,Gradient Boosting,145.42659420009693,126.33315256298074,-0.00912462906397904,200.4627257262417,27.454546139068203,60.0
48h,Gradient Boosting,145.1602369763452,126.14048791888162,-0.005431473956556188,204.67539478591274,29.077827294198926,60.0
72h,Gradient Boosting,145.36605614548162,126.16220596599955,-0.01077818654976026,207.3194288979968,29.883052004256122,60.0
